"It still lacks laws allowing land-ownership, safeguarding investors' rights, or providing for contract enforcement."
"Talks to the general public, Sanctuary Advisory Council and Georgia Law Enforcement working groups also helped increase awareness of the lionfish issue and conveyed removal plans for the region."
"Background: Prior Practice and Impetus for Change The IRD's previous practice was, generally, not to assess a PILON."
"Winterizing your skin can be as simple as popping a vitamin: a daily dose of Pure Matters® Biotin, an all-natural dietary supplement that boosts vitality and promotes healthy skin, nails, and hair."
"Immediately, Mozart suggested a libretto drawn from Beaumarchais' seditious 1784 play, Le Mariage de Figaro."
"Although tutors liked this program, each experienced a tendency toward directiveness, as they inserted corrective marks and comments within the texts."
"HB-352's section on pasteurization is by itself solid reason to kill the bill, and save some child from being killed or sickened by raw milk fed to it by stupid parents."
"In Appendix A of the Alert, NIOSH identified a sample list of major hazardous drugs."
And that extra millimeter is partly due to the smaller height and width--a larger tablet could be even thinner because the battery could be spread out.
"In this paper, we describe individual-based evolutionary model of aposematism and defense in spiny and poisonous species."
Oil and gas finds in America are providing unexpected energy independence from the Persian Gulf.
Joined the Navy November 1941.
"Through education, outreach, legal reform, and direct support for on-the-ground conservation programs, Defenders is working to enhance the conservation of six of the world's seven endangered species of sea turtles that nest in Mexico."
"Discussing the benefits of touch typing over visual typing, they state: One main distinction of the touch-typing strategy appears to be the ability to look at the screen while typing and to devote a minimal level of visual search to the keyboard (Cooper, 1983)."
"Built in 1900s, it was the residence of former directors of the garden."
"Additionally, they also provide a variety of other services and resources to local families."
"If you are a beginner, it is best to begin with a flat board."
The team looks at their calendar and decides to use the upcoming study hall to address the needs of the students who are still having problems with Tree Mapping.
"Make friends, find activities you enjoy and be prepared and organized."
"In a different incident, a 40-year-old Frenchman identified by the last name Faradfi withdrew 800,000 colons from a bank in Guachipelín de Escazú."
"There were six systems in all, three of whch were fed 4g of traditional dry feed and three that were fed 2g dry worms and 2g traditional dry feed."
"Time4Writing Teaches Descriptive Essay Writing Time4Writing essay writing courses offer an efficient way to discover ways to write the types of essays needed for school, standardized tests, and college applications."
Google: Android isn't designed for tablets… yet Google clearly didn't have tablets in mind when it designed the Android operating system.
"The AVID program targets students in economically-challenged neighborhoods in the academic middle, helping them get on the college track and stay there."
The interference received in the lower bands has also decreased noticeably.
"Nevertheless, no person recognized the number of unfavorable effects the traditional weight loss was creating the human bodies."
Social Studies and Georgia history.
"The energy generated not only sustained the tram but pumped water, operated an ore crusher and the mill."
"As Transform is proposing, impact assessments of drug policy are a vital step in establishing a fairer and more successful solution to the challenges of problematic drug use and the illegal drug trade."
Buganda was later used to refer to the entire area he subdued.
Bolivia has seen the melting of glaciers and snow pack cripple their fresh water system.
Another effective method is: going on a long walk at a place where it is quiet and the only sounds are the sounds of Nature.
"From these men, many of whom had conservatory educations, he learned considerable musical discipline."
The data-mining capabilities of advanced self-learning artificial intelligence systems put together with the automation of ERP systems can bring about incredible value addition to any business.
It is a collective of individualities.
"In one embodiment, the sensing signal is at least about 10 times faster than the motion being measured."
"An informal survey conducted by the AIBS Public Policy Office in July 2006 found that just six states (Louisiana, Nevada, New Mexico, Oregon, Utah, and Virginia) had identifiable positions."
An average Energy Audit takes around 2 hours to complete.
"Generally, fluoroquinolones also have excellent oral bioavailability but must be administered cautiously in patients receiving cations (ie, oral calcium or magnesium repletion) as these can reduce drug absorption."
"Research conducted for the eating disorder charity The Succeed Foundation, in partnership with the University of the West of England (UWE), has found that 30 percent of women would trade at least one year of their life to achieve their ideal body weight and shape."
Center to Prevent Handgun Violence v. U.S. Dept.
We also use an intra-oral camera to help identify dental problems and help patients understand their dental needs.
Tadashi Okochi / Picador USA It used to be a truism among critics of British poetry that Keats and most of his fellow Romantic poets worked in the shadow of John Milton.
"Without proper filtering, significant signal degradation is inevitable."
"Inside are hot food, clean clothing, temporary shelter, and the possibility of a more abundant life."
This was done by genetically inhibiting the activity of braking proteins.
Volunteers who have first-hand knowledge of an agency's needs and merits will be more likely to support that organization philanthropically.
"From all appearances our infant nation seemed stillborn, or as the vulnerable prey for the more powerful Europeans."
"Recent reports made by international bodies, such as the European Committee for the Prevention of Torture and Inhuman or Degrading Treatment or Punishment (CPT), and local human rights organisations confirm that physical ill-treatment of persons in police custody is a serious problem in Macedonia and express doubt that judges or prosecutors conduct effective investigations when such ill-treatment is brought to their attention."
"If the pyrite precipitated at low temperature (100°-150°C) reducing conditions and high pH (<9), a delta 34Sfluid equal to 0 would precipitate pyrite with delta 34Spyrite between 5 and 8."
"Since it was Culture Day, a national holiday, there was a procession that went by, a mini-parade of sorts."
"The 309-page paperback is divided into four sections, the first two of which are from William MacDonalds pen; sections 3 and 4 are Study Guides based on MacDonalds teaching."
"In past nuclear negotiations, Pyongyang may have made tactical concessions to ward off pressure, gain temporary benefits, and divide its adversaries; however, North Korea has ultimately relied on strategic deception to gradually build up its nuclear capabilities."
"And only with the greatest reluctance, and under the pressure of irate public opinion, did the bishops move to correct those whom the culture, in effect, had identified as being at fault."
"The eating plan is about portion control and getting the right proportions of macronutrients—proteins, carbs and fats—so that you're well nourished, energy levels are even and you're not hungry, even at an overall calorie deficit."
"CDC audits have found money allocated to CFS spent instead on research into other diseases having nothing to do with CFS, and much of the budget has been spent trying to prove we're merely depressed or otherwise emotionally unstable rather than looking into the neurological problems and the virus that causes them."
"Children are already suffering the frightening, degrading, life-limiting effects of homelessness."
What advice do you have for parents considering surgery for their child?
There are great mountains and countryside that is located a few miles from the border of Myanmar.
The Design Commission isn't alone in tackling the monumental task of finding solutions for future and current buildings housing people downtown.
"This simply means that the printers were accustomed to use the capital letter for the word 'God' and did not stop to distinguish, as the reviser for edition 4 did, between the Christian God and pagan gods."
"By the age of fourteen he was fluent in French, Greek, Italian and Latin."
China is racing by the U.S. in greenhouse gas emissions.
Legumes contain high levels of lysine and tryptophan.
"Save oven time – prep a whole bunch of foods, and only put them in the oven when there is enough to fill the oven."
"Land was plentiful, jobs were available, and many ex-GIs who had come to California for training fell in love with the place and returned after the war to settle."
Elementary and middle school level classes may conduct noncompetitive hearings in front of a classroom or auditorium-size audience with community members acting as judges.
"A wealth of research on perceived attractiveness (that is, as perceived by others, not oneself) has shown that such ratings vary according to the characteristics of the rater."
"So to penetrate the workings of the world, to understand its intelligible shape, is to come into contact with a divine action that is reasonable, consistent with itself."
How would you fire someone?
Twitter is one of the popularly used social media platforms that people use.
Lewis: Which led to the founding of the National Park Service.
A student who has no training can expect a minimum of four years to obtain a BSN.
"However, organs like the brain and the heart need everything working at a 100%."
Fleet management software is the system used for the management and data collation of your fleet.
"Questions about the future of its political system, cultural traditions, low-wage working pool, product-quality standards, rapidly accumulating foreign currency reserves, environment — and moral foundation — all accompany the swift changes China is experiencing."
"Four Great Thinkers of the Past: A webquest concerning political philosophy, by Scott E. Pointon, Indiana University School of Education."
"In essence, a precisely metered charge of a fuel and air mist atomized by a flywheel-driven compressor allows for nearly complete combustion that not only reduces emissions, but gives up to 45% better fuel efficiency than conventional two-stroke outboards."
"In this case, the logistic regression procedure had poor or very poor self-evaluations as the dependent variable and age and the presence of one of the reported diseases as independent variables."
"His works create narrative associations that deal with quotidian issues in contemporary Nigerian society, including visa queues, modern relationships, and crowded urban environments."
The mini-clouds are called shells.
"The bottom half is the same information as a bar chart, with a twist: the colour corresponds to the population change in the last 10 years."
"For the physical science program, we often started every new chapter on the day of our co-op."
Undertaking any exam can be daunting.
"At the same time, trade union leaders effectively sided with employers in keeping Blacks in the lowest-paid and least-skilled jobs."
It improves strength and posture.
"Sometimes, facilities need a specialized product, a technology made specifically for them, or a system that allows it to perform flawlessly."
"The data fall into four categories: consumer spending, net exports, business investment and government spending and investments."
How is the lighting?
"In some cultures, children are ripped away from their parents, tortured, or otherwise terrified in the name of the transformation."
"Of all demographics, elderly men with a smoking history—even distant history—are at an increased risk of having AAA."
"In 1937, Frank Lloyd Wright re-created the Barrel Chair design in a larger version with other design modifications for the residence of Herbert F. Johnson, known as »Wingspread«, to accommodate the expansive rooms and towering ceiling heights."
And nine of the 14 animals chose dining with the stranger over the familiar face – the ape equivalent of a restaurant's communal table.
That's the ability to see something made for a specific purpose and imagine using it for something entirely different and unrelated.
It's possible that any musician's prospects of making a living from his or her recorded work may only have lasted around 50 years; the second half of the last century.
It should not dominate but rather should complement the students full learning experience.
"It also means that if the laity are to do the work of the ministry rightly, it begins with becoming a people of the word."
"To make matters worse, the money will come from federal Title I funds set aside for schools where many students are from poor families."
Racial and ethnic differences in health insurance coverage for adults with diabetes.
This burns off the build-up of carbon in the engine and exhaust system.
"When it comes to splitting up the assets and debts from your marriage, they use the equitable distribution approach."
Social media outlets make it impossible for supervisors and managers not to share information.
"To investigate the effect the pre-extraction conditions would have on the make-up of chemicals required in the kraft mill, sodium and sulfur mass balances were calculated for the modified kraft processes."
Carbohydrates tend to be the most varied of the food groups.
"This can cause health problems such as upper respiratory distress, itchy eyes, skin rashes, and other issues."
How can materials hitch a ride on cellular freeways if there isn't energy to spare?
"The Hebron Rehabilitation Committee fixes up battered neighborhoods to encourage people to come home, planting gardens and repainting dilapidated storefronts."
Agencies must learn how to create just 'good packaging'.
Camping introduces children to a whole new world and asks of them an ability to overcome new problems and challenges – particularly if it's raining while camping.
For more information read Distance learning explained.
The visits from Gaza were halted in 2006 after Hamas-linked terrorists in Gaza captured Gilad Shalit.
"To us, beautiful organic or wild crafted products, the ecosystem where these wonderful herbs thrive, the sustainability of the land, and the personnel who hand pick our herbs are more important to us than creating a substandard product."
The most recent data available related to allergies for young children is from 2007 and was collected through the National Longitudinal Survey of Children and Youth (NLSCY).
"Since the close of the 20th century new techniques in molcular biollogy using DNA marker techniques have allowed great progress to be made in defining phylogenetic trees, which illustrate the lineage of plant and animal families."
Companies must report transactions in a manner that reflects economic reality.
"The AGU, by permitting this communication, is further losing its prestige as an objective framework to present scientific findings with respect to climate."
Effects of radiotherapy with concomitant and adjuvant temozolomide versus radiotherapy alone on survival in glioblastoma in a randomised phase III study: 5-year analysis of the EORTC-NCIC trial.
Sixth grade programs offer exciting options for homeschooling families.
"Simplistically, if the doping agent spectrum is red - green - blue, and there is a masking agent with a spectrum of yellow - green - blue, then it is difficult to be certain what is in the sample."
"We are well aware of a few cases of the dying who had ghost visions believed to be living persons; but in these cases it was invariably found that the persons in question had died well before, though none of the assistants, nor the patient himself, had any knowledge of it."
"During these homeroom meetings, some of the activities include pride lessons, goal-setting discussions, career exploration surveys and job shadowing, community service experiences and other topics which come up throughout the year."
The deck of 78 cards contains 22 Major and 56 Minor Arcana cards that are used to identify specific meanings in relation to the imagery on the individual cards and the position of the cards within the tarot spread.
"To show their support for the American heritage of religious freedom, parishioners across the country were asked to engage in prayer, study, and public action from June 21 to July 4."
"The link between HPV and lung cancer remained for current and former smokers, as well as nonsmokers."
"Growing puppies need a diet made up of the proper balance of protein, carbohydrates, fats, vitamins, minerals, and, of course, plenty of water."
Paper chromatography Paper chromatography is a technique that involves placing a small dot or line of sample solution onto a strip of chromatography paper.
"At least, those Christians do who hold to a traditional interpretation of the first two chapters of Genesis—an interpretation that leads them to believe the universe is something less than the billions of years indicated by contemporary understandings of the scientific data."
"Currently, 11 states, including the District of Columbia, hold averages at or above $4 per gallon."
"Used to gain knowledge about info, tech and fighting techniques."
"Another way biodiversity is put in peril is the thin layer of industrial chemicals and petroleum, coating the plastic particles, creating little poison pills that fish eat and absorb."
"In a 55-page ruling, Kessler published the final wording of the statements, which were first ordered as a remedy in 2006 when the judge found tobacco companies liable, after a nine-month bench trial, for years of false statements about the risks of smoking."
"Wealth is, in short, the paramount indicator of future economic success."
"The most popular billet material used in the manufacturing of billet grilles is billet aluminum, although it is not unusual for one to find billet grilles made from stainless steel or ABS plastic."
How will they ensure that everyone is safe and that each person is aware of his or her responsibility in helping to maintain operations?
Issues of deception?
"When the Region of Durham was established in 1974, seven municipal landfills came under its jurisdiction."
The applied research center of the Federal Highway Administration.
"This was all possible by creating a hyper-accurate recreation of the conditions conducive to forming tornados, like abundant moisture, instability, and wind shear."
Where is the income coming from?
Priorities for day care and for public housing are well established for working mothers or for large families.
"A new study by Dr. Sylvia Lucas, coming out of the American Headache Society's Annual Meeting, states that those who experience milder head injuries tend to have more post-traumatic headaches as time progresses than those with severe injuries."
"If someone can't buy groceries, cook, take medication, travel and manage their finances, it means that someone must take care of this person."
Visit the AHCA Quality Initiative site to learn more and to review available resources.
It takes more than money and know-how to become a business owner.
"These malfunctions can arise anywhere in the circulatory system – in other words, it is systemic."
"Seek effective links with pupils' families, schools and other professional agencies."
Most people associate epoxy resin with glues and adhesives.
"In May, a 48-year-old male Singapore permanent resident returning from Brazil, where Zika is rife, was the first known Zika case here."
Pitcairn Island became a British colony in 1838 and Norfolk Island was granted them in 1856.
"Once you are able to isolate the triggers of the pain and inflammation associated with the disease, then you will be able to undertake the necessary steps in finding relief from the effects of the disease and maintain a relatively normal daily routine."
They may actually view and experience events via the Internet as if they were present during the moment in which they took place.
"Just as space abhors a vaccum, time abhors alteration of the natural flow to time."
"While you are in New Delhi on your India tour, you'll see the grand buildings and broad avenues that came with the British Raj, but also the Qutb Minar, built more than 800 years ago."
Don't underestimate the year-round power of the sun!
The trail attracts two million visits a year.
The Laboratory of Mechatronic Systems opened this year.
Full-text magazines for middle school and high school students.
Others serve as an extra boost to strengthen the dogs own energy and immune system.
Software Development Processes and Methodologies.
"In the soul DNA of such people, there may still be karmic residue of this past, causing them to cling to feelings of victimization."
"In response to the dual assault of labor and environmental exploitation, a diverse alliance of activists has emerged to push for a more sustainable port economy."
P.Sinensis germinates in the dark.
The dark centres of the feathers on the underparts become lighter and the white turns a tan colour.
"If you're unfamiliar with these and other types of student loans, you can get in depth information and compare them against other loans in the student loan section of Student Finance Domain."
Forty-seven states provide funding to help their most vulnerable citizens secure free legal assistance in civil matters.
"We report here on aerial surveys conducted in the following regions in November 2000 to assess the status of the dugong: (1) the Northern Great Barrier Reef Region between Hunter Point (11°15'S — south of Cape York) and Cape Bedford (15°30'S — near Cooktown); and, (2) the region between Cape Bedford and 17°25'S (near Innisfail)."
"Most often, solid particles are arranged in a fixed bed configuration and the supercritical fluid flows through the bed extracting the desired solute."
"The program provides structured, fun, interactive activities and games for Aboriginal children, youth and their families to increase physical activity rates and to set off an active living lifestyle."
"Next, I outline an alternative account of the contrast between human and great ape social cognition that emphasizes gradual differences in domain-general reasoning rather than novel domain-specific representational abilities."
Module 4: Managing a Reporting Infrastructure Describes how to manage a reporting infrastructure.
"When you install Node.js, NPM will also be installed on your computer."
A proposal to give public money for North Carolina students to attend private or religious schools is drawing fierce debate.
"The Muse vividly evokes the welcome inspiration brought by 'the kindly guest', and the final poem, in which the musical material of the previous songs is recalled, eloquently conveys the anticipation of death."
Questionnaire on Population Projections: Report on the latest national practices.
"Female juveniles were also held in the women's correctional facility, although they slept in different quarters."
"The current slowdown should be seen as a good opportunity for the economy to discard its growth model, and for local officials to change their way of thinking to learn to adopt a long-range view, Ma said."
"The detector can be controlled by a treatment controller, and operably and electronically linked to a system that stops treatment."
This tutorial will explain how to setup IFTTT for the first time.
HPA Tissue Gene Expression Profiles tissues with high or low expression of EPSTI1 gene relative to other tissues from the HPA Tissue Gene Expression Profiles dataset.
"The virtual environment can be of a typical computer data processing type, or of a less common, more specialized type."
And what is a more fresh and clean embodiment of potentiality than the first letter of the alphabet?
"With a total populace of about 127 million people, Japan is the 10th most populous country in the world."
"As a leader in health care and support services for individuals throughout the UK, Voyage Care supports thousands of people with learning and physical disabilities, brain injuries, autism and other needs."
Many Americans who were among the most eager to invade Iraq now urge that we find a way out.
"The government of cash-strapped Greece has been struggling to fight against a deeply ingrained culture of tax evasion, with many people making little secret of their preference of doing business in cash to avoid paying tax."
"It is considered as the first discipline of the various branches of engineering after military engineering.Civil Engineering includes the designing, planning, construction, and maintenance of the infrastructure."
"We shall hereafter have to consider both the cause of its submerged condition, a state common to other banks in the group, and the origin of the singular submarine terraces, which bound the central expanse: these, I think, it can be shown, have resulted from a cause analogous to that, which has produced the bifurcating channel across Mahlos Mahdoo."
"Levin, B. Colorectal Cancer: A Thorough and Compassionate Resource for Patients and Their Families."
"CureSearch for Children's Cancer funds and supportstargeted and innovative children's cancer research with measurableresults, and is the authoritative source of information and resourcesfor all those affected by children's cancer."
"As we head into a new era for a country that has struggled for too long with the marriage of science and religion, we should take a look at the marriage of Charles and Emma Darwin."
"By virtue of numbers, spatial dominance within their enclaves, and bloc voting patterns, the Hasidic Jews of Brooklyn have successfully advocated for rezonings and special rules that have enabled them to densify and expand their enclaves over time."
If the oyster is cooked live the heat will cause the shell to open by itself.
"SAIL has supplied 10,500 tonnes of steel for the 330 mega watt hydroelectric project, featuring three power generating units of 110 MW each."
Proactive monitoring instead of reactive efforts result in sinking administration and maintenance costs.
"When possible, choose powdered formula because the packaging contains less BPA and because the powder is diluted with fresh water."
The next reapportionment and redistricting cycle will be significant for Louisiana.
"Hence, the memory system of the brain must contain an internal representation of each pattern that is to be recognized."
"Steam inhalers are convenient ways to battle post nasal drip, and they are safer for children to use than boiling water."
"Nonprofits aren't always the most visible in the community, in large part because they don't spend their funds on advertising—they spend them on their mission."
Give them a full picture of what you do to manage your health to help ensure coordinated and safe care.
In Southern California we have urban youth with nearly unlimited technology available for their school work.
"If the surviving spouse considers remarriage, the availability of (and risk of losing) the DSUEA could be an important factor in planning."
We are being poisoned by chemical companies that demand cheap and dirty energy that in turn is making a huge impact on climate change.
"On the basis of a measuring campaign at 40 locations in the city of Munich, the concentrations of traffic-related atmospheric pollutants during pregnancy, including fine particulate matter... OHSU scientists find antidepressant, bone loss link ...LAND, Ore. - Two new studies suggest older men and women taking selective serotonin reuptake inhibitors, a ...s had lower bone mineral density, and that elderly women taking the antidepressants had a higher rate of yearly bone loss."
Ownership and Intellectual Property Rights.
"This, too, caused lenders to lower their down-payment and income requirements."
"When a tick transmits Lyme disease, the bacteria often (although not always) produce an expanding red rash."
"Students (beginners to advanced) will be able to experiment with various resists including bees wax, soy wax and gutta."
"It could cause a reversal in the direction of the reforms, perhaps at considerable political cost to the government."
Children are particularly susceptible to heat cramps when they haven't been drinking enough fluids.
"As the communal creatures we humans are, we are needy of each other, of support, compassion, love and companionship."
"On it, Sappho's wood Mother sculpture in the center, surrounded by a circle of stones for the eight directions."
This will prevent the discharge lines from freezing while it pumps the water out and away from the home.
"It's important to plan out the design you want to create, so you'll know exactly what shapes and sizes you need for your creation."
The Marine Safety (Domestic Commercial Vessels) National Law Act 2012 commenced on the same day.
"As a leader in the Black Panther Party, Hampton primarily built the Black liberation movement."
"Restricted transactions are transactions in which a person accepts credit, funds, instruments or other proceeds from a third party in connection with unlawful Internet gambling."
"JP Morgan & Co. was among those who made reconstruction loans to a war-devastated Europe, which helped to establish New York City as a leading financial center."
"Moreover, Calvin contends, it is only with the appropriate lens of interpretation – justifying faith in Jesus Christ – that any man will ever find rest in this life, in the midst of evil, sin, and suffering."
"On one hand, these Asian-Americans are quick to point to all non-Asian peoples that, Asians are not all the same and that they come from different countries, they have different cultures and speak different languages etc."
"And former Volunteers, as well as teachers, can use the site to find schools and organizations that are seeking Peace Corps Volunteer speakers to share their overseas experiences."
U.S. Customs and Border Protection employs more than border patrol agents.
Conclusion: We now know that not only capital accumulation but also that effective institutions are indispensable for sustained growth under conditions of financial stability.
"In the huge corporate quest to dominate the earth, they've not only succeeded in polluting the land, but entire oceans as well."
"Trump claimed during his State of the Union address last week that he, in fact, wanted legal immigrants to come into the U.S. in large numbers."
"Jan. 8, 2003 Even if President Bush didn't actually engineer Dr. Bill Frist's election as Senate Majority Leader, this regime change is perceived as a major extension of the President's power because of their close relationship."
"However, for a system that simulates interaction with a larger member, for instance a user's fist, or foot, such a drive may be suitable."
"At the time it was very much a step into the unknown, and the consequences impossible to determine."
Speaker: Rustin Smith --- 500 years since the great reformer reoriented the church around faith and encountering God's acceptance.
"We respect and uphold the absolute need for clean air, water and soil."
"Drawing on Lon Fuller's classic work on the benefits of formality in commercial law contexts, it offers a theory explaining the appeal of formal identity."
"In recent years, national legislations making disclosure of extra-financial information mandatory for large firms and investors together with the development of labels, have become a strong engine for CSR and SRI in all OECD countries."
"Marine Ecology Progress Series, vol."
"When a passenger boards a bus, he or she has every right to expect that the bus will be properly inspected, operated safely, and not operated by an over-fatigued, alcohol or drug induced intoxicated driver."
"If you have high blood pressure, the only cure is delivery of your baby."
"The world economy pumped 87 million barrels of oil a day in 2011, up from 84 mlllion in 2007."
"Ferdinand Victor Eugène Delacroix, acclaimed leader of the French Romantic school of painters, busted the sketching process open for all of us!"
"Seasonal Rhinitis is usually caused by allergic sensitivity to pollens from trees, grasses or weeds, or to airborne mold spores."
"Lastly, the speakers touched on questions of legal capacity that might accompany cases of dementia."
"To signify his victory over a clan, he would sleep in the conquered leader's home; tradition says that Buganda was the name of the first house that he slept in after his victory over Bemba and his tribe."
"In addition to the important benefits Denamarin for dogs has on liver function, it also is a great supporter of brain health."
"National On Scene Commander Alex van Wijngaarden said the National Response Team had been mobilised, which included trained oil spill response and wildlife experts, who were preparing for the likelihood of more oil coming ashore."
So what does level 32 mean?
"Research shows that when we feel connected to a location, particularly natural environments, we're more likely to engage in actions of sustainability."
"Concurrent laboratory sessions include exercises in fundamental lab techniques, demonstrations, and workshops."
"Greenway is currently the county's largest elementary school, with more than 900 students."
"Ray Pennings, Senior Fellow and Director of Research at Cardus (a Neo-Calvinist Think Tank in Canada), offers these insights on the strengths of Neo-Calvinism and Neo-Puritanism."
"Just as education can't happen in a value-neutral environment, great books lists are always created with reference to their creator's worldview."
INTRODUCTION TO LAYOUT DESIGNING.
Right to bear arms The NRA and other opponents contend that any limit on private gun ownership violates the constitutional right to bear arms.
"These beds are classed as an upper member of the Bone Spring limestone, and tentatively correlated with the Cutoff shaly member of the Bone Spring, which is found in the northern part of the area studied."
We read that the sanctity of treaties between nations is disregarded.
"Similarly, the design of the department store and shopping mall as social spaces makes explicit the social history of fashion."
"Frankly, the task would have to begin with comparisons of Sorenson's inferences and the 1,068 verses identified as having potential geographical relevance."
"Cleaning your home requires cleaning of the floor, kitchen, upholstery and much more."
"He said as long as the weather pattern remains stable, drought conditions across the state should be eliminated."
The children would go outside to play if the weather was right or play indoors.
Glasgow: Volume II: 1830-1912.
It is an air-powered washer.
Put in place stronger incentives to encourage Canadian mining companies to conduct their activities outside of Canada in a socially and environmentally responsible manner and in conformity with international human rights standards.
"He not only took raw materials and made them into the earth, animals, and people but he also made the raw materials themselves."
The East African bloc IGAD mediated the talks leading to the latest agreement.
"Rinse your mouth regularly, especially after snacks."
"Identifiers may include falling grades among students, known problem consumption or conduct disorders, alienation from parents, school, and positive peer groups etc."
"But the steam pressure created in conventional pots is very high, the pot might explode should the steam just isn't released constantly."
"The West is quite right about condemning China for its experimentation on human embryos, however its confused self-serving hypocrisy has made this condemnation incoherent and unfortunately irrelevant."
Prevention would have been possible with some research.
Our habit of deciding major changes through the consensus process ensures that all voices will be listened to.
"A large number of countries responded to this with a renewed call for greater political will and implementation of internationally-agreed SFM commitments taking a cross-sectoral approach, and to back this with predictable funding, transfer of environmentally-sound technologies, capacity building, and utilization of traditional forest knowledge."
"The Parliament of Rennes, for example, dispensed justice to a Province which contained two million three hundred thousand inhabitants;† a population equal to that of some respectable kingdoms of Europe."
A recent study published in the Proceedings of the National Academy of Sciences shows that the active ingredient in turmeric effectively kills certain cancer cells.
It is a very dense timber with a greater surface hardness than ash.
"To review: an internode is the distance between sets of leaves on a branch, the points where the leaves come out being the leaf nodes."
"The skills in science are remarkably similar to those used in other subjects, especially reading."
"Although junk food tends to get a significant amount of the blame these days, we must also address the lack of exercise in society."
"Why God allows his glory to be attacked cannot be understood by philosophy, but only by the Cross, the Incarnation of God in a fallen universe."
"Each robot is built especially for a purpose; it wants to be 100% useful and therefore differs from the other robots in terms of structure, technologies, functions."
"Erich Jarvis of Duke University Medical Center in Durham, North Carolina, says the results fit with an idea he has developed with colleague Gustavo Arriaga, arguing that vocal learning is a feature of many species."
"Archangelo was born on October 4th, 1516."
"France is targeting 1.5% GDP growth in 2016, which President Francois Hollande has promised in several speeches urging the French to allow further trade liberalization."
The same 2009 tests found the United States ranked 23rd in science.
"Brooklyn, NY – Assemblywoman Joan L. Millman has introduced Assembly Bill 11596, legislation to develop a grant program to help secure affordable housing and work space for artists in New York."
"It is written into the World Heritage Agreement that should there ever be a war involving Australia, 'no country should damage it (The Great Barrier Reef)'."
"Today, the authority and the efficiency of the President is being questioned."
"In the 10-L fermentor, A. pullulans ZD-3d isolated from the terrestrial source produced a high PMA concentration (57.2 g/L) and a volumetric productivity (0.35/L/h) was achieved within 160 h when the fermentation medium contained 120.0 g/L of glucose and 30.0 g/L of CaCO3 ."
"Even before President Obama's signature legislative achievement became law, many people were afraid of the negative impact such an enormous new regulatory burden would have on hiring."
"If we are reluctant to confront Assad militarily over his use of chemical weapons, the reluctance comes in part from our knowing that Assad's opponents include significant numbers of extremists allied to the terrorist group that targeted us on 9-11."
What is the treatment plan?
"Drawing, painting, collaging, bookmaking, journaling, jewelry, dollmaking, tool-using."
The sounds around us also help shape our psychological attachment to and relationship with the places we know.
"However, some countries have not yet established electricity exchanges, although preparations for that have lasted for several years."
Any idea if it is true?
Science Buddies Science Fair Project Guide Step by step information on how to do a science project from beginning to end.
"A carbon tax would make coal more expensive, a result that would work to the energy giant's advantage."
"If the revenues of all the companies formed by MIT graduates were added up, that would be more than US$2 trillion (S$2.8 trillion) a year - more than the gross domestic product of all but the 10 largest nations in the world."
Fifty thousand bumblebees will be honored in a memorial this weekend at the Wilsonville Target where a majority of the insects died.
The achievements of agriculture appear even more remarkable if one looks at employment.
"It would be necessary in each case to analyze and take into account all of these circumstances, which could hide the true origin of the fossils."
Dentists have a social responsibility for giving oral health education.
Researchers from Sapienza University of Rome said: Mozart's music is able to activate neuronal cortical circuits [circuits of nerve cells in the brain] related to attentive and cognitive functions.
Try to discover the cause of the erosion.
"Over 500 artworks by 236 artists from 35 states and five countries were on display for sale, in such mediums as jewelry and fine crafts, sculpture, mixed media and photography as well as works on canvas and works on paper."
"On Feb. 13, 2009, Congress passed the American Recovery and Reinvestment Act of 2009 at the urging of President Obama, who signed it into law four days later."
Your IP address is or may be used to help identify you and to track activity within our site.
"Knowing that their needs would vary based on which scrap materials they could save, Catholic Relief Services' partner WALHI designed an innovative shelter program to help villagers help themselves."
"As Sri Lanka's tourism board points out, 43 of the world's endangered species can be seen in the country's national parks."
What are the Top Five Action Games?
There are many ways to express love other than intercourse.
"If the reported contamination could present an immediate or long-term threat to human health, NSW Health will be consulted."
"These secretory pathways (also known as translocation pathways or transport pathways) include, for example the Sec pathway, the SRP pathway and the Tat pathway."
Julius Caesar adopted him as his son.
"In other cases, the healthcare provider may recommend medications."
Milk thistle also slows down the progression of liver damage.
"Both programs provide single-day opportunities to drop off unused medications at pre-identified, secure locations."
Millennials growing up or city policy decisions?
"For a comparison of accessibility features across operating systems, see the AccessIT Knowledge Base article How does accessibility differ across operating systems?"
"Personalities, for instance, can be attributed different color elements and create serious defining points."
Supplemental bills sought the like remedy in respect of the assessments for the following years through 1901.
"The world's craving for the sweet treat is insatiable though, requiring a staggering 2,700 and 3,000 tonnes a year."
"If a society is to function in a peaceful, orderly and productive fashion, a degree of regulation is required, and this is the function of government."
"Excess cars belonging to ride-sharing companies like Uber and Lyft have contributed to traffic congestion in some cities, so do not rely solely on these apps for everyday use."
The number of students in a MAFED class ranges between 40 and 45 with over 20 nationalities.
Thus women can avoid the side effects of radiation therapy.
Among those things that may or may not be material facts: whether a death took place in the home or whether a home is considered haunted.
How do we describe the light that surrounds us?
"After years of probes and scandals, the governments of Australia, New Zealand, and the United States have cut off Huawei and other Chinese firms from their tech infrastructure, citing national-security concerns."
"The Bolshoï Theater was founded in 1776, originally the theater did not have its own building."
"This happened in 2000, when scientists at LLNL, along with Russian collaborators, discovered a new element."
"Misleading: offers an incorrect impression on some aspect(s) of the science, leaves the reader with false understanding of how things work, for instance by omitting necessary background context."
Injurious falsehood arises when a person (the defendant) makes false representations about the goods and services of another (the plaintiff).
This third model recognizes that the law now acknowledges the importance of victim participation in the criminal process.
"When most people think of libraries, they think of books."
"Quantum confinement (in semiconductor particles) cannot be described using classical physics, so it is really a different thing entirely."
Social network analysis can be applied to criminal networks in order to elaborate on good strategies to prosecute or prevent criminal activities.
"Not in the way it happened — of course, early 20th- century women would die during birth — but that it happened."
Qadiani is a pejorative for Ahmadi Muslims.
Tuesday marks the 10th anniversary of the fateful vote by Congress to authorize the U.S. invasion of Iraq.
This excited the scholars since there had been rumors that there existed a pre-Columbian map of the New World.
Extensive psycho-social history.
The benefit of cryptocurrency is that it uses blockchain technology.
"Furthermore, since MOOCs are still in their infancy, quantitative data of any type is only minimally available."
"Similarly, Thomas Little, a professor at Boston University, is experimenting with how light can transmit data to other vehicles on the road."
"We learned different traversals of a binary tree like inorder, preorder, postorder, level order etc in previous posts."
"Because papal resignation is so rare, the pope's title after he steps down is also being discussed."
The dangerous Vipera lebetina is distributed through the eastern Mediterranean region and Central Asia (except for the highlands) as far as northwestern India.
"Because the video player software in adaptive streaming is generally instrumented to pay attention to performance, there's also the possibility that it may send back performance information to the content owner, thus enabling them to get a better understanding of what the typical watcher is experiencing."
"In particular, we aimed to correlate the ERP results of visual and auditory stimulus processing with musical ability as evaluated by a psychometric measure."
"New studies show the help that dogs can provide for children learning to read, particularly those with some reading problems."
"The termination of paramountcy meant that all rights flowing from the states' relationship with the British crown would return to them, leaving them free to negotiate relationships with the new states of India and Pakistan quot;on a basis of complete freedomquot."
"Nevertheless, the spread of democracy has many important benefits."
"To help you decide which bark control aids are right for your dog and your lifestyle, refer to the comparison chart to view the features of each, and identify the tools that contain the features you need to remedy your particular situation."
The rest of the world also contributed to the Israeli atrocities by remaining silent after it was over.
Everyone's heritage and upbringing is important to their work but why is it some are categorized by that specific factor?
"The 240VAC generated is as lethal as the power in homes, and should be treated with the same respect."
"As an intellectual exercise, we might be able to find some minor points, taught by Vatican II non-infallibly, and not yet taught universally by the Magisterium."
"Tagthene is a contact fungicide which provides both protective and curative activities against powdery mildews, fruit rots, stem rots, leaf spots, brown rots, etc, in a wide range of crops including pome fruits, citrus, vines, hops, ornamentals and berries."
"At the DSP block, each channel is separated from the digitized mixture through various separation algorithms that are widely used in compressive sensing."
"Take the Practical Farmers of Iowa, organized a decade ago because farmers weren't getting what they needed from Iowa State University: on-farm research on sustainable agriculture."
The bible is full of astrological references.
Thus the County bonding capacity could be used to build the new jail without the delay of an election and the risk the voters would disapprove.
"By listening to the vibrations of the body and recognizing the client's blockades, the therapists simultaneously and in a balanced way create the relaxing effect on the left and right sides of the body."
The theater also served as the site of the Marksville High School graduation ceremonies until 1927.
"To find out more about Edie, Baby Name Guesser uses up-to-date data from across the Internet on how the name Edie is actually used."
"Many skin rashes or spots can be difficult to tell apart and can sometimes signify anything from a harmless disease to one that may be potentially serious, so be on the safe side and seek treatment advice from a health professional if your skin's appearance changes unexpectedly."
It was also clear that the existing research organization was dominated by technology PhDs.
"Through our Hearing Help Classes, Aural Rehabilitation and Communication Devices Programs, support groups, workshops, and networks, we are able to help you adjust to your hearing loss and communication needs with a diverse range of solutions."
"Before the fleet could reassemble, a peasant revolt broke out in Vendsyssel, where Canute was staying, in early 1086."
Process heater: enclosed device using a controlled flame for which the unit's primary purpose is to transfer heat indirectly to a process material.
We need to frankly face the fact that marred records of this kind prove that Sri Lanka has been a democracy more in form than substance.
"In the fourth century, Saint Jerome translated the ancient texts of the Bible into Latin, the language of the people of his time."
The Taqpep gene is common to both wild cheetahs and domesticated felines but is a mutation of a gene that produces the cheetah's spots and a tabby's stripes.
"Annapolis: Naval Institute Press, 1990, p. 169 (caption)."
The dilemmas we are faced with are the problems created by human beings.
"For example; squats, rows, bench presses, push-ups, dead lifts are all multi-muscle group exercises that crank the metabolism and change bodies."
A number of medical research teams are currently investigating both good and bad consequences of microchimerism in human health and disease.
Further studies including younger adults are clearly needed to test the impact of intervention measures.
To help you dating the risk of spreading herpes.
The Zāhirī principle of legal theory relies exclusively on the literal meaning of the Qurʾān and Ḥadīth.
"Function hidden in plain sight Once only found in public buildings such as offices and schools, lever-style door handles have become a standard option for residential homes."
Studies in humans look likely given the importance of this laboratory research and the potential this technology may hold.
"Obviously, many new students become bored and don't see the purpose of the tedious repetition."
"As he recited his speech, his hand drew imaginary circles over the princess' head."
Buckland is the founder and director of the Cape Farewell project which has immersed scientists and artists for over a decade in environments threatened in by climate change.
"Know their demographics, interests, customs, political views, past times, competitors, customers, history, religious observances, etc."
"Average American workers are beset by lack of opportunity and the fight for livable wages, along with nagging questions about their relevance."
Maple syrup is another common Paleo sweetener.
For at least 200 years the Vasari Corridor was used only as a passageway back and forth between the two residences.
"Johns Hopkins University associate professor of oncology B. Douglas Smith, MD, says this is not surprising."
"To have the greatest impact on Haiti's rebuilding efforts; this program will focus primarily on academic areas and projects that can generate solutions to Haiti's immediate problems, such as agriculture, computer science, engineering, entrepreneurship, and forestry."
"Hahnemann started to experiment more and formed his theory that like cures like, or the Law of Similars: that when a substance in large doses causes certain symptoms, in small doses it can cure these same symptoms."
The National Futures Association (NFA) is the self-regulatory organization for the U.S. derivatives industry.
Buses both exist within the CPU and connect it to physical memory and peripheral devices.
This creates a magnified three-dimensional view of the surgical area.
"For Rockcastle and Hart County, two eastern Kentucky counties that have been deeply impacted by drug addiction, this means that community leaders have a new and powerful tool to harness in defeating this crisis."
Most telling of the magnitude of the threat is the government's refusal to consider informing property owners in the designated area that the Heritage Area is even being considered.
"Wang Chuanping, deputy director of the Chongqing Municipal Culture Bureau, said that archeological evidence found during the past few years had added a clue to the widely debated theory that civilization emerged independently in the country's different areas."
It was a difficult lesson for a young boy.
"One's a terrorist attack, the other is a military action."
"Considering the expected high number of hot Jupiters from the survey, a transit ephemeris is automatically calculated by the radial velocity code for each candidate and updated when new data becomes available."
"The grid of a traditional but the most reliable way of grid-making, Book-Mold Casting, is used for the positive plate while high-speed Continuous Casting Grid is employed for negative plate to prevent growth (swelling) of plates and to keep strong contact of active materials to the mesh of the grid."
The natural environment has been brought in homes inform of green energy and the wood products people use in homes.
It is by no means certain if any such referendum would be passed and if it was rejected then Ireland's membership of the Eurozone would be in question.
"Michael Benjamin, president of the funeral chapel, said Gates was so familiar with Jewish traditions that people frequently mistook him for being Jewish and sometimes even thought he was a rabbi."
"In such an event, the Estate is dealt with under the provisions of the Administration of Estates Act 1925 as subsequently amended."
"For example, accrual budgeting could be adopted for programs that currently do not capture the long-term commitment entered into by the government such as - employee pension programs, - retiree health programs for federal employees, - federal insurance programs, and - environmental clean up."
"Several astronomical objects such as planets, stars, nebulae and galaxies will surprise you with both their beauty and mystery."
"As the system becomes fully integrated over the first year, students will be able to look online and schedule certain types of visits, while walk-in visits such as illness and injury are still available."
Ethiopian Horticulture Development Agency (EHDA) has announced the use of locally produced standard packaging boxes for flower export.
"Reinhart, R. M. G. & Woodman, G. F. Causal control of medial-frontal cortex governs electrophysiological and behavioral indices of performance monitoring and learning."
Her teachers always appreciated her for her hard work in studies and other college activities.
"The Council deals with issues concerning the common foreign and security policy, security and defence cooperation, trade and development policy."
IFN-α acts as a pyrogenic factor by altering the activity of thermosensitive neurons in the hypothalamus thus causing fever.
Packing leftovers away in the fridge soon after your meal can keep them safe – and tasty – to eat in the days ahead.
Participants in this study will be asked to take part in a brief social interaction with another volunteer.
"A drug is a synthesized version of a chemical component, such as a component found in an herb."
This appears to be the completion of the 1789 court action.
Plugging a generator directly into the wall outlet poses a serious threat to utility line workers trying to restore power in your area.
The person with a disability as well as SLPs need to understand the necessity for consistency and reliability of response every time the same question is asked and answered.
The medication found in hormone replacement therapy is more than capable of having some effect on the effects that women get when they suffer from menopause.
"Briefly, gemstones, relative to auric maintenance and strengthening, are in essence benevolent conscious generators of force fields, that reinforce and fortify one's own EMF."
A computer virus can be annoying or it can be devistating.
Doctors read diagnostic images on their phones.
Alpha-beta pruning is a search algorithm which seeks to reduce the number of nodes that are evaluated in the search tree by the minimax algorithm.
"Secretary-General, there is plenty of evidence of genocide in China, if only you would care to look, or listen to the UN rapporteurs on torture and religious freedom."
"Proper treatment pressures, a comfort system, and good education often mean the difference between success and failure for CPAP users."
"Simonds declared that although any time is the right time for social action, the time for social justice is now."
Your mind has little information to process.
The serpent was the animal used by the devil to tempt Adam and Eve.
"Whether cool or warm, different times of the day, different sources of light – natural or artificial – create and entirely different mood."
"Acrylate binders are especially prepolymers based on acrylate or methacrylate, acrylate compounds being particularly suitable."
Lack of environmental data for decision-making ?
Nutrition exerts an important influence on pregnancy outcomes.
He was able to trace his ancestry back to Benjamin and considered himself blameless under the Law and righteous in God's sight.
Biodegradable biomaterials are those which undergoes degradation on exposure to microorganism or through other processes.
"Your gardenia should be kept at 72 to 78 degrees by day, and not less than 60 degrees at night."
People who lose weight quickly by crash dieting or other extreme measures usually gain back all (and often more) of the pounds they lost because they haven't permanently changed their habits.
Oncology wards have waiting lists.
"Flat cutting or plain slicing is also an efficient method, as the log is sliced from top to bottom in one simple setup."
"More recently, the U.S. invasion of Iraq has resulted in not more, but less oil on the international market."
"The survey supported by UNFPA is first in quite a while to look at the issues of family relations, family and reproductive choices of young people, family budgets and distribution of incomes, as well as roles of men and women, parents and children in family-related decision-making."
These results suggest that the rhythm of salivary IgA secretion is highly controlled by SCN.
This will increase available forage for livestock.
We continue our exploration of 26 different aspects of Australian family history research in our Australia A-Z.
Taking aspirin or similar medicines may help reduce your risk for new polpys.
Hackers target their malicious software where it will have the greatest effect.
"The wardens, aware of the Texas law prohibiting introduction of non-native shrimp to public waters, addressed the issue with individual bait dealers."
With nanobebe you can speed up prep time without exposing breastmilk to nutrient-damaging temperatures.
"April 22, 1951 - There was a ticker-tape parade for General MacArthur in NYC."
"CHEAP INTERNET: Mobile internet has become fairly affordable, with costs coming down almost 300% over the last couple of years."
Safety measures you should take.
"Nonetheless, political parties were legalized in 2005."
"The goal of the Duluth Traverse is to link all the existing trail systems, expand them and create new destination systems."
"During the breakouts, Federal participants heard firsthand about the latest technological breakthroughs and innovative applications of AI across these sectors."
"Further, what it means to abuse something or someone is a moral stance."
The last part of the air traffic control system to benefit from radar surveillance was the airport runways and taxi-ways.
Add a little more infromation about R and r. How do we count number of lobs.
"Not only does the amino acid glycine that is used to chelate with magnesium improve absorption, but it has its own benefits."
"While much of the fight for the Tongass is still ahead, today this is a cause for celebration for people everywhere who love and care about Southeast Alaska, our vibrant forests, and our very wildest places."
"What is more, instead of bringing the wrath of God in the form of thousands of angels striking down those who unjustly killed, betrayed, or deserted him, Jesus only repaired and restored relationships."
Skeptic parents consider the love of learning one of the most important values to pass on to their children.
"They help jurors, mediators and the judge understand the details of any issue."
Wearing them also deprives your nails of natural light & air while they unnecessarily expose you to chemicals and a higher possibility of fungal infection.
"Official data up to 8th February 2015 showed that the current epidemic has claimed altogether 9,177 lives, of which 3,826 in Liberia."
"After 10 months of research and development, the Dyson Supersonic hair dryer's manufacturing process is that 103 engineers participated in the 1010 mile hair test, and assembled the Dyson ninth generation digital motor, Air Amplifier airflow multiplication technology, intelligent temperature control and other technologies."
Small scale mining of minerals such as gold and diamond has provided .
"In fact, Jewish voters and professional politicians became important participants in urban politics in the late 19th century as a result of dramatically increased Jewish immigration after 1880."
CPAP is considered to be the most effective treatment for sleep apnea which may help to: - Decrease daytime sleepiness - Decrease high blood pressure - Decrease heartburn symptoms - Improve quality of life CPAP may also be used in preterm infants.
"Neural development is thus susceptible to exposure to chemicals which mimic estrogen, or to enhanced estrogen levels."
Has anyone reflected upon WHY a priest learns such an ability in the first place?
"At the time, the government pledged stronger laws against sexual assaults."
There is a strong emphasis on the development of quantitative MRI biomarkers that can be realistically translated and prove informative in aligned imaging investigations of cancer patients.
"In 1812, Britain was not a democracy."
President Barack Obama delivers the first State of the Union address of his second term on Tuesday.
"Moreover, Reagan came in second among post-Truman presidents in average annual increases in the number of federal civilian employees in the executive branch as a portion of the population, exceeded only by the John F. Kennedy and Lyndon B. Johnson period."
"A laboratory study of 34 perimenopausal women by Dr. Baker's lab at SRI International found that around 70 percent of nighttime hot flashes woke women up, disrupting their sleep (objectively measured with sensors that detect brain activity) ."
"It is specious to suggest a direct link between sentencing practices and right-wing violence, as if the latter were a response to the former."
"Antibiotics aren't useful, because hepatitis A is a virus."
Linguistic differences between the Pueblos point to their diverse origins.
Please use these resources and share them with others to help promote reading aloud every day.
Research Considerations for Studying Automation in Military Settings.
General knowledge cannot be taken into account.
How much does an average project cost?
A pet trust is an excellent way to make sure your beloved pet will receive proper care after you pass on.
"In a sense this may be considered a part of the oath, adding emphasis to it."
Data will be used by the FDA to determine if they will approve the marketing of the investigational product.
Compact portable plant Pump Vacuum Systems has developed a different way to produce sand and gravel using the company's PVS Jet Pump.
"In the Ruhr industrial heartland of Germany, the wartime foes cast aside their wheelchairs to embrace as friends and discovered that for more than a year they were both at the Somme."
"Next-generation sequencing technologies and the development of additional plant and insect model species will facilitate further research on the production of non-protein amino acids, a widespread but relatively uninvestigated plant defense mechanism."
"The secondary components and void gas pass through lines 112, 113, manifold J and manifold L to be collected as waste or channeled to another process."
"The context of the situation in Israel/Palestine is that of colonialism, apartheid and racism, a situation in which there is an oppressor and an oppressed, a colonizer and a colonized."
Start with writing scannable copies.
"The stooped, bespectacled 6-footer was 64 when he inherited a quarreling party -- barely clinging to a parliamentary majority -- and an economy battered by double-digit inflation, rising wages, and a plummeting pound."
Battery power may also be 'coloured' so that some abilities can use the battery power but not others.
"Since YouthBuild pioneered the concept of providing pathways out of poverty for low-income youth for over a generation, it's no surprise that the organization has joined the chorus of groups embracing the recent green-collar jobs movement."
It uses symbols and sign language with speech to enable choice and communication for children and adults with learning or communication difficulties.
"The Mediterranean countries include France, Spain, Italy, Greece and Portugal along the north; Turkey, Syria, Lebanon and Israel on the east; and the African countries of Egypt, Libya, Algeria, Morocco and Tunisia on the south."
The PNNL-developed system incorporates two novel approaches to overcome the limitations of previous generations of redox flow batteries.
This is where the adrenal glands don't produce enough cortisol and aldosterone.
The biggest difference between bitcoin and Bitcoin Cash.
Understanding differences between subtypes and what drives them will inform development of stratified therapies.
"Fetal stem cells migrate to injury sites—for instance, they've been found in diseased thyroid and liver tissue and have turned themselves into thyroid and liver cells respectively."
"Just yards from the River Thames, in what is now the capital's financial district, archaeologists have found coins, pottery, shoes, lucky charms and an amber gladiator amulet."